Unique_identifier,obs_trip_id,haul_number,specimen_number,common_name,vessel_name,depth_strata,Depth range (ft),haul_begin_date,converted_latitude_begin_haul,converted_longitude_begin_haul,Status_code,Status_description,Action_Code,Action_description,Fork_length,sex,Weight(kgs),Weight_description,Gonad_weight(g),comment_text,Otolith,Gonad
JRL033-1-101,JRL033,1,101,SNAPPER RED,SCAT II,D,105 - 105,7/31/2012,31.5082,-80.46008,1,Alive,1,Kept,67,M,,Unknown/No Weight,,BAIT 2,TRUE,TRUE
JRL033-1-104,JRL033,1,104,SNAPPER RED,SCAT II,D,105 - 105,7/31/2012,31.5082,-80.46008,1,Alive,1,Kept,67,M,,Unknown/No Weight,,BAIT 1,TRUE,TRUE
JRL033-5-101,JRL033,5,101,SNAPPER RED,SCAT II,S,97 - 97,7/31/2012,31.52868,-80.36718,1,Alive,1,Kept,61,M,,Unknown/No Weight,,,TRUE,TRUE
JRL033-5-102,JRL033,5,102,SNAPPER RED,SCAT II,S,97 - 97,7/31/2012,31.52868,-80.36718,1,Alive,1,Kept,60,F,,Unknown/No Weight,,,TRUE,TRUE
JRL033-5-108,JRL033,5,108,SNAPPER RED,SCAT II,S,97 - 97,7/31/2012,31.52868,-80.36718,1,Alive,1,Kept,62,M,,Unknown/No Weight,,,TRUE,TRUE
JRL033-6-102,JRL033,6,102,SNAPPER RED,SCAT II,S,71 - 97,7/31/2012,31.52868,-80.36725,1,Alive,1,Kept,58,M,,Unknown/No Weight,,,TRUE,TRUE
JRL033-6-103,JRL033,6,103,SNAPPER RED,SCAT II,S,71 - 97,7/31/2012,31.52868,-80.36725,1,Alive,1,Kept,52,F,,Unknown/No Weight,,,TRUE,TRUE
JRL034-14-101,JRL034,14,101,SNAPPER RED,SCAT II,S,98 - 98,8/1/2012,31.59407,-80.3313,6,Alive Bauro -Stom/Bladder,1,Kept,61,F,3.5,Whole weight,,,TRUE,TRUE
JRL034-7-105,JRL034,7,105,SNAPPER RED,SCAT II,D,76 - 101,8/1/2012,31.56123,-80.33,1,Alive,1,Kept,42,M,1.8,Whole weight,,,TRUE,TRUE
JRL034-8-101,JRL034,8,101,SNAPPER RED,SCAT II,D,105 - 105,8/1/2012,31.56,-80.33,1,Alive,1,Kept,68,M,1.8,Whole weight,150,150 g,TRUE,TRUE
JRL035-1-102,JRL035,1,102,SNAPPER RED,SCAT II,D,113 - 113,8/2/2012,31.55957,-80.29577,6,Alive Bauro -Stom/Bladder,1,Kept,63,F,5.2,Whole weight,200,GONAD 200G,TRUE,FALSE
JRL035-10-102,JRL035,10,102,SNAPPER RED,SCAT II,D,79 - 105,8/2/2012,31.57347,-80.30093,6,Alive Bauro -Stom/Bladder,1,Kept,61,F,3.5,Whole weight,,HOOK 7,TRUE,TRUE
JRL035-13-103,JRL035,13,103,SNAPPER RED,SCAT II,D,103 - 103,8/2/2012,31.57238,-80.31972,6,Alive Bauro -Stom/Bladder,1,Kept,85,F,12,Whole weight,,,TRUE,FALSE
JRL035-5-101,JRL035,5,101,SNAPPER RED,SCAT II,D,120 - 120,8/2/2012,31.55873,-80.28567,6,Alive Bauro -Stom/Bladder,1,Kept,63,F,4.8,Whole weight,,,TRUE,FALSE
JRL035-5-102,JRL035,5,102,SNAPPER RED,SCAT II,D,120 - 120,8/2/2012,31.55873,-80.28567,6,Alive Bauro -Stom/Bladder,1,Kept,58,F,3.5,Whole weight,,,TRUE,FALSE
JRL036-13-102,JRL036,13,102,SNAPPER RED,SCAT II,S,99 - 99,8/6/2012,31.48938,-80.44693,6,Alive Bauro -Stom/Bladder,1,Kept,65,F,4.5,Whole weight,,,TRUE,FALSE
JRL036-13-103,JRL036,13,103,SNAPPER RED,SCAT II,S,99 - 99,8/6/2012,31.48938,-80.44693,6,Alive Bauro -Stom/Bladder,1,Kept,57,F,3,Whole weight,,,TRUE,FALSE
JRL036-13-104,JRL036,13,104,SNAPPER RED,SCAT II,S,99 - 99,8/6/2012,31.48938,-80.44693,6,Alive Bauro -Stom/Bladder,1,Kept,65,F,3,Whole weight,,,TRUE,FALSE
JRL036-4-101,JRL036,4,101,SNAPPER RED,SCAT II,D,117 - 117,8/6/2012,31.374,-80.38998,6,Alive Bauro -Stom/Bladder,1,Kept,75,F,6.8,Whole weight,,HOOK 6,TRUE,FALSE
JRL036-5-101,JRL036,5,101,SNAPPER RED,SCAT II,S,98 - 98,8/6/2012,31.38005,-80.37328,6,Alive Bauro -Stom/Bladder,1,Kept,53,F,3.2,Whole weight,,,TRUE,FALSE
JRL036-5-104,JRL036,5,104,SNAPPER RED,SCAT II,S,98 - 98,8/6/2012,31.38005,-80.37328,6,Alive Bauro -Stom/Bladder,1,Kept,53,F,3.1,Whole weight,400,GONAD W. 400G,TRUE,TRUE
JRL036-5-105,JRL036,5,105,SNAPPER RED,SCAT II,S,98 - 98,8/6/2012,31.38005,-80.37328,6,Alive Bauro -Stom/Bladder,1,Kept,71,M,6.9,Whole weight,,,TRUE,FALSE
JRL036-5-106,JRL036,5,106,SNAPPER RED,SCAT II,S,98 - 98,8/6/2012,31.38005,-80.37328,6,Alive Bauro -Stom/Bladder,1,Kept,65,M,4,Whole weight,800,GONAD W. 800G,TRUE,FALSE
JRL036-5-107,JRL036,5,107,SNAPPER RED,SCAT II,S,98 - 98,8/6/2012,31.38005,-80.37328,6,Alive Bauro -Stom/Bladder,1,Kept,57,M,3.1,Whole weight,650,GONAD W. 650G,TRUE,FALSE
JRL036-9-101,JRL036,9,101,SNAPPER RED,SCAT II,S,96 - 96,8/6/2012,31.47162,-80.4312,6,Alive Bauro -Stom/Bladder,1,Kept,72,M,6,Whole weight,130,GONAD W. 130G,TRUE,TRUE
JRL037-1-103,JRL037,1,103,SNAPPER RED,SCAT II,D,125 - 125,8/8/2012,31.41353,-80.26823,6,Alive Bauro -Stom/Bladder,1,Kept,65,F,4.1,Whole weight,200,GONAD W. 200G,TRUE,TRUE
JRL037-20-101,JRL037,20,101,SNAPPER RED,SCAT II,D,130 - 130,8/8/2012,31.38578,-80.28777,6,Alive Bauro -Stom/Bladder,1,Kept,71,F,7,Whole weight,,HOOK 8,TRUE,FALSE
JRL037-21-103,JRL037,21,103,SNAPPER RED,SCAT II,D,123 - 123,8/8/2012,31.40378,-80.29605,6,Alive Bauro -Stom/Bladder,1,Kept,75,F,7.5,Whole weight,,,TRUE,FALSE
JRL037-21-104,JRL037,21,104,SNAPPER RED,SCAT II,D,123 - 123,8/8/2012,31.40378,-80.29605,6,Alive Bauro -Stom/Bladder,1,Kept,65,F,6.2,Whole weight,,,TRUE,FALSE
JRL037-3-103,JRL037,3,103,SNAPPER RED,SCAT II,D,99 - 125,8/8/2012,31.41357,-80.26822,6,Alive Bauro -Stom/Bladder,1,Kept,61,F,4,Whole weight,200,GONAD W. 200G HOOK 12,TRUE,TRUE
JRL037-5-102,JRL037,5,102,SNAPPER RED,SCAT II,D,120 - 120,8/8/2012,31.41008,-80.26453,6,Alive Bauro -Stom/Bladder,1,Kept,47,F,1.6,Whole weight,85,GONAD W. 85G,TRUE,TRUE
JRL037-5-103,JRL037,5,103,SNAPPER RED,SCAT II,D,120 - 120,8/8/2012,31.41008,-80.26453,6,Alive Bauro -Stom/Bladder,1,Kept,45,M,1.4,Whole weight,,,TRUE,TRUE
JRL037-5-104,JRL037,5,104,SNAPPER RED,SCAT II,D,120 - 120,8/8/2012,31.41008,-80.26453,6,Alive Bauro -Stom/Bladder,1,Kept,45,F,1.4,Whole weight,30,GONAD W. 30G,TRUE,TRUE
JRL037-6-102,JRL037,6,102,SNAPPER RED,SCAT II,D,96 - 120,8/8/2012,31.41012,-80.26417,6,Alive Bauro -Stom/Bladder,1,Kept,53,F,2.8,Whole weight,,HOOK 5,TRUE,FALSE
JRL037-6-103,JRL037,6,103,SNAPPER RED,SCAT II,D,96 - 120,8/8/2012,31.41012,-80.26417,6,Alive Bauro -Stom/Bladder,1,Kept,53,M,3.2,Whole weight,,HOOK 4,TRUE,FALSE
JRL037-9-102,JRL037,9,102,SNAPPER RED,SCAT II,D,129 - 129,8/8/2012,31.56323,-80.28233,6,Alive Bauro -Stom/Bladder,1,Kept,43,F,1.1,Whole weight,10,GONAD W. 10G,TRUE,TRUE
JRL037-9-103,JRL037,9,103,SNAPPER RED,SCAT II,D,129 - 129,8/8/2012,31.56323,-80.28233,6,Alive Bauro -Stom/Bladder,1,Kept,69,F,6.4,Whole weight,,,TRUE,FALSE
JRL037-9-104,JRL037,9,104,SNAPPER RED,SCAT II,D,129 - 129,8/8/2012,31.56323,-80.28233,6,Alive Bauro -Stom/Bladder,1,Kept,41,M,1,Whole weight,150,GONAD W. 150,TRUE,TRUE
JRL037-9-105,JRL037,9,105,SNAPPER RED,SCAT II,D,129 - 129,8/8/2012,31.56323,-80.28233,6,Alive Bauro -Stom/Bladder,1,Kept,48,M,1.7,Whole weight,,,TRUE,FALSE
JRL037-9-106,JRL037,9,106,SNAPPER RED,SCAT II,D,129 - 129,8/8/2012,31.56323,-80.28233,1,Alive,1,Kept,70,F,6.5,Whole weight,,,TRUE,FALSE
JRL037-9-107,JRL037,9,107,SNAPPER RED,SCAT II,D,129 - 129,8/8/2012,31.56323,-80.28233,6,Alive Bauro -Stom/Bladder,1,Kept,37,F,0.8,Whole weight,,,TRUE,FALSE
JRL037-9-108,JRL037,9,108,SNAPPER RED,SCAT II,D,129 - 129,8/8/2012,31.56323,-80.28233,6,Alive Bauro -Stom/Bladder,1,Kept,56,M,3.6,Whole weight,,,TRUE,TRUE
JRL038-1-103,JRL038,1,103,SNAPPER RED,SCAT II,D,112 - 112,8/9/2012,31.44167,-80.35098,6,Alive Bauro -Stom/Bladder,1,Kept,65,F,4.6,Whole weight,,,TRUE,TRUE
JRL038-1-104,JRL038,1,104,SNAPPER RED,SCAT II,D,112 - 112,8/9/2012,31.44167,-80.35098,6,Alive Bauro -Stom/Bladder,1,Kept,72,F,6.1,Whole weight,,,TRUE,TRUE
JRL038-10-101,JRL038,10,101,SNAPPER RED,SCAT II,D,98 - 124,8/9/2012,31.42772,-80.32555,6,Alive Bauro -Stom/Bladder,1,Kept,68,M,5.2,Whole weight,,HOOK 1,TRUE,TRUE
JRL038-10-104,JRL038,10,104,SNAPPER RED,SCAT II,D,98 - 124,8/9/2012,31.42772,-80.32555,6,Alive Bauro -Stom/Bladder,1,Kept,50,M,1.7,Whole weight,45,HOOK 7 GONAD WT.45G,TRUE,TRUE
JRL038-9-101,JRL038,9,101,SNAPPER RED,SCAT II,D,124 - 124,8/9/2012,31.42803,-80.325,6,Alive Bauro -Stom/Bladder,1,Kept,50,F,2.3,Whole weight,53,GONAD W. 53G,TRUE,TRUE
JRL038-9-103,JRL038,9,103,SNAPPER RED,SCAT II,D,124 - 124,8/9/2012,31.42803,-80.325,6,Alive Bauro -Stom/Bladder,1,Kept,48,M,1.8,Whole weight,50,GONAD W. 50G,TRUE,TRUE
JRL038-9-107,JRL038,9,107,SNAPPER RED,SCAT II,D,124 - 124,8/9/2012,31.42803,-80.325,6,Alive Bauro -Stom/Bladder,1,Kept,60,M,3.5,Whole weight,,,TRUE,TRUE
JRL039-13-110,JRL039,13,110,SNAPPER RED,SCAT II,S,93 - 93,8/29/2012,31.5801,-80.395,6,Alive Bauro -Stom/Bladder,1,Kept,48,X,2,Whole weight,,,TRUE,TRUE
JRL039-16-101,JRL039,16,101,SNAPPER RED,SCAT II,S,93 - 93,8/29/2012,31.58003,-80.39547,6,Alive Bauro -Stom/Bladder,1,Kept,50,X,2.7,Whole weight,,RSN LABELED AS #102 ON OTO PACK,TRUE,TRUE
JRL039-18-102,JRL039,18,102,SNAPPER RED,SCAT II,S,65 - 91,8/29/2012,31.5918,-80.38673,6,Alive Bauro -Stom/Bladder,1,Kept,60,M,4.2,Whole weight,275,,TRUE,TRUE
JRL040-9-105,JRL040,9,105,SNAPPER RED,SCAT II,S,98 - 98,8/30/2012,31.56898,-80.36753,6,Alive Bauro -Stom/Bladder,1,Kept,82,F,14,Whole weight,,,TRUE,TRUE
JRL040-9-107,JRL040,9,107,SNAPPER RED,SCAT II,S,98 - 98,8/30/2012,31.56898,-80.36753,6,Alive Bauro -Stom/Bladder,1,Kept,72,F,7.4,Whole weight,,,TRUE,TRUE
JRL041-1-102,JRL041,1,102,SNAPPER RED,SCAT II,D,108 - 108,8/31/2012,31.59383,-80.30962,6,Alive Bauro -Stom/Bladder,1,Kept,59,M,3.2,Whole weight,150,,TRUE,TRUE
JRL041-1-103,JRL041,1,103,SNAPPER RED,SCAT II,D,108 - 108,8/31/2012,31.59383,-80.30962,6,Alive Bauro -Stom/Bladder,1,Kept,59,F,3.3,Whole weight,200,,TRUE,TRUE
JRL041-1-105,JRL041,1,105,SNAPPER RED,SCAT II,D,108 - 108,8/31/2012,31.59383,-80.30962,6,Alive Bauro -Stom/Bladder,1,Kept,55,F,2.4,Whole weight,180,,TRUE,TRUE
JRL041-1-112,JRL041,1,112,SNAPPER RED,SCAT II,D,108 - 108,8/31/2012,31.59383,-80.30962,6,Alive Bauro -Stom/Bladder,1,Kept,43,F,2.1,Whole weight,175,,TRUE,TRUE
JRL041-13-103,JRL041,13,103,SNAPPER RED,SCAT II,S,100 - 100,8/31/2012,31.60035,-80.3269,6,Alive Bauro -Stom/Bladder,1,Kept,52,F,3,Whole weight,,,TRUE,FALSE
JRL041-17-108,JRL041,17,108,SNAPPER RED,SCAT II,S,88 - 88,8/31/2012,31.6895,-80.34882,6,Alive Bauro -Stom/Bladder,1,Kept,59,F,3.1,Whole weight,,,TRUE,FALSE
JRL041-5-104,JRL041,5,104,SNAPPER RED,SCAT II,D,105 - 105,8/31/2012,31.59232,-80.31437,6,Alive Bauro -Stom/Bladder,1,Kept,56,M,3.4,Whole weight,120,,TRUE,TRUE
JRL041-5-105,JRL041,5,105,SNAPPER RED,SCAT II,D,105 - 105,8/31/2012,31.59232,-80.31437,6,Alive Bauro -Stom/Bladder,1,Kept,52,M,2,Whole weight,130,,TRUE,TRUE
JRL043-1-102,JRL043,1,102,SNAPPER RED,SCAT II,D,103 - 103,9/20/2012,31.4393,-80.40974,6,Alive Bauro -Stom/Bladder,1,Kept,75,M,7.1,Whole weight,,,TRUE,TRUE
JRL043-3-102,JRL043,3,102,SNAPPER RED,SCAT II,D,77 - 103,9/20/2012,31.43943,-80.40958,6,Alive Bauro -Stom/Bladder,1,Kept,51,F,2.5,Whole weight,200,,TRUE,TRUE
JRL043-9-104,JRL043,9,104,SNAPPER RED,SCAT II,D,120 - 120,9/20/2012,31.37493,-80.38609,6,Alive Bauro -Stom/Bladder,1,Kept,79,F,8,Whole weight,,,TRUE,FALSE
JRL044-1-105,JRL044,1,105,SNAPPER RED,SCAT II,S,87 - 87,9/21/2012,32.08113,-79.96909,6,Alive Bauro -Stom/Bladder,1,Kept,46,X,1.6,Whole weight,,,TRUE,TRUE
JRL044-12-104,JRL044,12,104,SNAPPER RED,SCAT II,S,98 - 98,9/21/2012,32.07093,-79.94489,6,Alive Bauro -Stom/Bladder,1,Kept,47,M,1.7,Whole weight,,,TRUE,TRUE
JRL044-4-103,JRL044,4,103,SNAPPER RED,SCAT II,S,87 - 87,9/21/2012,32.08125,-79.96993,6,Alive Bauro -Stom/Bladder,1,Kept,65,X,5.2,Whole weight,,,TRUE,FALSE
JRL045-20-101,JRL045,20,101,SNAPPER RED,SCAT II,D,129 - 129,9/22/2012,31.33538,-80.34595,6,Alive Bauro -Stom/Bladder,1,Kept,42,F,2,Whole weight,,,TRUE,TRUE
JRL045-5-102,JRL045,5,102,SNAPPER RED,SCAT II,D,125 - 125,9/22/2012,31.4055,-80.29234,6,Alive Bauro -Stom/Bladder,1,Kept,75,F,7.1,Whole weight,,,TRUE,FALSE
JRL045-9-105,JRL045,9,105,SNAPPER RED,SCAT II,D,123 - 123,9/22/2012,31.42967,-80.32233,6,Alive Bauro -Stom/Bladder,1,Kept,46,X,2.2,Whole weight,,,TRUE,TRUE
JWP109-13-105,JWP109,13,105,SNAPPER RED,SCAT II,S,86 - 87,8/12/2012,31.68113,-80.37767,1,Alive,1,Kept,74,M,6,Gutted weight,,,TRUE,TRUE
JWP109-25-104,JWP109,25,104,SNAPPER RED,SCAT II,S,93 - 93,8/12/2012,31.67702,-80.33862,1,Alive,1,Kept,62,U,4.5,Whole weight,,,TRUE,TRUE
JWP110-10-103,JWP110,10,103,SNAPPER RED,SCAT II,D,120 - 120,8/13/2012,31.3507,-80.29488,1,Alive,1,Kept,79,U,7,Whole weight,,,TRUE,TRUE
JWP110-14-108,JWP110,14,108,SNAPPER RED,SCAT II,D,120 - 120,8/13/2012,31.34848,-80.29884,1,Alive,1,Kept,52,U,2,Gutted weight,,,TRUE,TRUE
JWP110-14-109,JWP110,14,109,SNAPPER RED,SCAT II,D,120 - 120,8/13/2012,31.34848,-80.29884,1,Alive,1,Kept,60,M,4.3,Whole weight,,,TRUE,TRUE
JWP110-19-101,JWP110,19,101,SNAPPER RED,SCAT II,D,134 - 134,8/13/2012,31.35118,-80.28803,1,Alive,1,Kept,89,M,11.8,Whole weight,,,TRUE,TRUE
JWP110-2-101,JWP110,2,101,SNAPPER RED,SCAT II,D,124 - 124,8/13/2012,31.35623,-80.30836,1,Alive,1,Kept,65,U,4,Gutted weight,,,TRUE,TRUE
JWP110-2-104,JWP110,2,104,SNAPPER RED,SCAT II,D,124 - 124,8/13/2012,31.35623,-80.30836,1,Alive,1,Kept,65,U,4.5,Whole weight,,,TRUE,TRUE
JWP110-2-105,JWP110,2,105,SNAPPER RED,SCAT II,D,124 - 124,8/13/2012,31.35623,-80.30836,1,Alive,1,Kept,51,U,2.1,Whole weight,,,TRUE,TRUE
JWP110-2-106,JWP110,2,106,SNAPPER RED,SCAT II,D,124 - 124,8/13/2012,31.35623,-80.30836,1,Alive,1,Kept,68,U,5.1,Whole weight,,,TRUE,TRUE
JWP110-2-108,JWP110,2,108,SNAPPER RED,SCAT II,D,124 - 124,8/13/2012,31.35623,-80.30836,1,Alive,1,Kept,70,U,5.2,Whole weight,,,TRUE,TRUE
JWP110-2-109,JWP110,2,109,SNAPPER RED,SCAT II,D,124 - 124,8/13/2012,31.35623,-80.30836,1,Alive,1,Kept,68,U,4.8,Whole weight,,,TRUE,TRUE
JWP111-1-102,JWP111,1,102,SNAPPER RED,SCAT II,S,97 - 98,8/15/2012,31.747,-80.23643,1,Alive,1,Kept,70,M,5.6,Whole weight,,,TRUE,TRUE
JWP111-1-103,JWP111,1,103,SNAPPER RED,SCAT II,S,97 - 98,8/15/2012,31.747,-80.23643,1,Alive,1,Kept,45,M,1.6,Whole weight,,,TRUE,TRUE
JWP111-11-101,JWP111,11,101,SNAPPER RED,SCAT II,S,100 - 100,8/15/2012,31.73597,-80.21832,6,Alive Bauro -Stom/Bladder,1,Kept,50,F,1.7,Whole weight,30,,TRUE,TRUE
JWP111-12-101,JWP111,12,101,SNAPPER RED,SCAT II,S,100 - 100,8/15/2012,31.73645,-80.21723,6,Alive Bauro -Stom/Bladder,1,Kept,61,M,4.3,Whole weight,103,,TRUE,TRUE
JWP112-1-107,JWP112,1,107,SNAPPER RED,SCAT II,D,104 - 104,8/16/2012,32.01063,-79.88813,1,Alive,1,Kept,78,M,9,Whole weight,,,TRUE,TRUE
JWP112-10-101,JWP112,10,101,SNAPPER RED,SCAT II,D,101 - 101,8/16/2012,32.01674,-79.93755,1,Alive,1,Kept,63,M,4.5,Gutted weight,50,,TRUE,TRUE
JWP112-14-105,JWP112,14,105,SNAPPER RED,SCAT II,S,94 - 94,8/16/2012,32.01103,-79.97225,1,Alive,1,Kept,46,M,2,Whole weight,34,,TRUE,TRUE
JWP112-5-104,JWP112,5,104,SNAPPER RED,SCAT II,S,100 - 100,8/16/2012,32.01198,-79.93808,1,Alive,1,Kept,63,F,4.1,Gutted weight,330,,TRUE,TRUE
JWP112-9-108,JWP112,9,108,SNAPPER RED,SCAT II,D,101 - 102,8/16/2012,32.01695,-79.93837,1,Alive,1,Kept,62,F,2.9,Gutted weight,,,TRUE,TRUE
JWP112-9-109,JWP112,9,109,SNAPPER RED,SCAT II,D,101 - 102,8/16/2012,32.01695,-79.93837,1,Alive,1,Kept,36,F,1,Gutted weight,,,TRUE,TRUE
JWP112-9-110,JWP112,9,110,SNAPPER RED,SCAT II,D,101 - 102,8/16/2012,32.01695,-79.93837,1,Alive,1,Kept,47,F,1.5,Gutted weight,,,TRUE,TRUE
JWP112-9-112,JWP112,9,112,SNAPPER RED,SCAT II,D,101 - 102,8/16/2012,32.01695,-79.93837,1,Alive,1,Kept,39,F,1.2,Gutted weight,,,TRUE,TRUE
MPE023-103-103,MPE023,103,103,SNAPPER RED,CJR,D,218 - 218,7/27/2012,31.72408,-79.61763,1,Alive,1,Kept,62,F,3.9,Whole weight,123,,TRUE,TRUE
MPE023-112-101,MPE023,112,101,GROUPER SCAMP,CJR,D,218 - 218,7/27/2012,31.72642,-79.61485,6,Alive Bauro -Stom/Bladder,1,Kept,73,U,5.2,Whole weight,,,TRUE,TRUE
MPE023-115-102,MPE023,115,102,GROUPER SCAMP,CJR,D,225 - 225,7/27/2012,31.70775,-79.62428,6,Alive Bauro -Stom/Bladder,1,Kept,53,U,1.8,Whole weight,,,TRUE,TRUE
MPE023-115-103,MPE023,115,103,GROUPER SCAMP,CJR,D,225 - 225,7/27/2012,31.70775,-79.62428,6,Alive Bauro -Stom/Bladder,1,Kept,73,U,5,Whole weight,,,TRUE,TRUE
MPE023-127-101,MPE023,127,101,PORGY RED,CJR,D,235 - 235,7/27/2012,31.62893,-79.66331,1,Alive,1,Kept,35,F,0.6,Whole weight,,,TRUE,TRUE
MPE023-143-102,MPE023,143,102,SNAPPER VERMILLION,CJR,D,177 - 177,7/28/2012,31.4857,-79.78522,1,Alive,1,Kept,52,F,1.3,Whole weight,,,TRUE,TRUE
MPE023-143-104,MPE023,143,104,GROUPER SCAMP,CJR,D,177 - 177,7/28/2012,31.4857,-79.78522,6,Alive Bauro -Stom/Bladder,1,Kept,56,F,2.5,Whole weight,,,TRUE,TRUE
MPE023-160-101,MPE023,160,101,GROUPER SCAMP,CJR,D,191 - 191,7/28/2012,31.46432,-79.79424,1,Alive,1,Kept,56,U,2.7,Whole weight,,,TRUE,TRUE
MPE023-36-101,MPE023,36,101,SNAPPER RED,CJR,S,83 - 83,7/25/2012,32.43387,-79.5844,1,Alive,1,Kept,60,M,3.6,Whole weight,,,TRUE,TRUE
MPE023-68-101,MPE023,68,101,SNAPPER RED,CJR,D,203 - 203,7/26/2012,31.81193,-79.58807,1,Alive,1,Kept,70,M,7.3,Whole weight,,,TRUE,TRUE
MPE023-71-103,MPE023,71,103,SNAPPER RED,CJR,D,206 - 206,7/26/2012,31.8101,-79.58913,1,Alive,1,Kept,66,F,5.2,Whole weight,322,,TRUE,TRUE
MPE023-78-101,MPE023,78,101,SNAPPER RED,CJR,D,209 - 209,7/26/2012,31.81927,-79.58507,1,Alive,1,Kept,65,F,4.3,Whole weight,144,,TRUE,TRUE
MPE023-78-102,MPE023,78,102,SNAPPER RED,CJR,D,209 - 209,7/26/2012,31.81927,-79.58507,1,Alive,1,Kept,65,F,4.9,Whole weight,142,,TRUE,TRUE
MPE023-80-101,MPE023,80,101,SNAPPER RED,CJR,D,209 - 209,7/26/2012,31.81927,-79.58507,1,Alive,1,Kept,68,M,5.2,Whole weight,,,TRUE,TRUE
MPE023-91-103,MPE023,91,103,SNAPPER RED,CJR,D,206 - 206,7/26/2012,31.80792,-79.58456,1,Alive,1,Kept,72,F,5.5,Whole weight,161,,TRUE,TRUE
MPE023-95-101,MPE023,95,101,PORGY RED,CJR,D,209 - 209,7/26/2012,31.80422,-79.57954,1,Alive,7,Kept as bait,36,F,0.5,Whole weight,,,TRUE,TRUE
MPE023-95-102,MPE023,95,102,GROUPER SCAMP,CJR,D,209 - 209,7/26/2012,31.80422,-79.57954,6,Alive Bauro -Stom/Bladder,1,Kept,75,F,5.3,Whole weight,,,TRUE,TRUE
MPE024-1-101,MPE024,1,101,SNAPPER RED,SCAT II,D,103 - 103,9/5/2012,31.42947,-80.46215,1,Alive,1,Kept,85,F,9.6,Whole weight,405,GONAD W. 405G,TRUE,TRUE
MPE024-17-101,MPE024,17,101,SNAPPER RED,SCAT II,D,107 - 107,9/5/2012,31.41783,-80.42565,6,Alive Bauro -Stom/Bladder,1,Kept,65,F,4.3,Whole weight,134,GONAD W. 134G,TRUE,TRUE
MPE024-21-104,MPE024,21,104,SNAPPER RED,SCAT II,D,107 - 107,9/5/2012,31.43775,-80.40514,1,Alive,1,Kept,65,M,4.5,Whole weight,24,GONAD W. 24G,TRUE,TRUE
MPE024-5-101,MPE024,5,101,SNAPPER RED,SCAT II,D,105 - 105,9/5/2012,31.41098,-80.44352,6,Alive Bauro -Stom/Bladder,1,Kept,71,F,6.6,Whole weight,340,GONAD W. 340G,TRUE,TRUE
MPE024-9-104,MPE024,9,104,SNAPPER RED,SCAT II,D,106 - 106,9/5/2012,31.42723,-80.43188,1,Alive,1,Kept,55,M,3.2,Whole weight,32,GONAD W. 32G,TRUE,TRUE
MPE025-1-102,MPE025,1,102,SNAPPER RED,SCAT II,D,103 - 103,9/6/2012,31.32482,-80.53782,1,Alive,1,Kept,74,M,7.3,Whole weight,85,GONAD W. 85G,TRUE,TRUE
MPE025-1-103,MPE025,1,103,SNAPPER RED,SCAT II,D,103 - 103,9/6/2012,31.32482,-80.53782,1,Alive,1,Kept,75,F,7.2,Whole weight,189,GONAD W. 189G,TRUE,TRUE
MPE025-1-105,MPE025,1,105,SNAPPER RED,SCAT II,D,103 - 103,9/6/2012,31.32482,-80.53782,1,Alive,1,Kept,51,M,3.3,Whole weight,38,GONAD W. 38G,TRUE,TRUE
MPE025-1-106,MPE025,1,106,SNAPPER RED,SCAT II,D,103 - 103,9/6/2012,31.32482,-80.53782,1,Alive,1,Kept,67,M,5.7,Whole weight,84,GONAD W.84G,TRUE,TRUE
MPE025-1-107,MPE025,1,107,SNAPPER RED,SCAT II,D,103 - 103,9/6/2012,31.32482,-80.53782,1,Alive,1,Kept,69,M,6,Whole weight,39,GONAD W. 39G,TRUE,TRUE
MPE025-1-108,MPE025,1,108,SNAPPER RED,SCAT II,D,103 - 103,9/6/2012,31.32482,-80.53782,1,Alive,1,Kept,66,M,5.7,Whole weight,64,GONAD W. 64G,TRUE,TRUE
MPE025-2-101,MPE025,2,101,SNAPPER RED,SCAT II,D,77 - 103,9/6/2012,31.32482,-80.53782,1,Alive,1,Kept,42,M,1.2,Whole weight,15,GONAD W. 15G,TRUE,TRUE
MPE025-3-101,MPE025,3,101,SNAPPER RED,SCAT II,D,103 - 103,9/6/2012,31.32482,-80.53782,1,Alive,1,Kept,43,F,1.4,Whole weight,,,TRUE,TRUE
MPE025-6-101,MPE025,6,101,SNAPPER RED,SCAT II,D,78 - 105,9/6/2012,31.29978,-80.5107,1,Alive,1,Kept,51,M,1.8,Whole weight,,,TRUE,TRUE
MPE025-8-101,MPE025,8,101,SNAPPER RED,SCAT II,D,78 - 105,9/6/2012,31.29978,-80.5107,1,Alive,1,Kept,52,M,2.1,Whole weight,,,TRUE,TRUE
MPE026-13-104,MPE026,13,104,SNAPPER RED,SCAT II,S,94 - 94,9/7/2012,31.42077,-80.54797,1,Alive,1,Kept,85,F,10.6,Whole weight,433,,TRUE,TRUE
MPE026-13-109,MPE026,13,109,SNAPPER RED,SCAT II,S,94 - 94,9/7/2012,31.42077,-80.54797,1,Alive,1,Kept,81,F,9.3,Whole weight,504,,TRUE,TRUE
MPE026-17-103,MPE026,17,103,SNAPPER RED,SCAT II,S,93 - 93,9/7/2012,31.42392,-80.5568,1,Alive,1,Kept,79,F,8.4,Whole weight,440,,TRUE,TRUE
MPE026-17-104,MPE026,17,104,SNAPPER RED,SCAT II,S,93 - 93,9/7/2012,31.42392,-80.5568,1,Alive,1,Kept,86,M,10.1,Whole weight,,,TRUE,TRUE
MPE026-18-101,MPE026,18,101,SNAPPER RED,SCAT II,S,67 - 93,9/7/2012,31.42392,-80.5568,1,Alive,1,Kept,48,M,1.8,Whole weight,,,TRUE,TRUE
MPE026-19-102,MPE026,19,102,SNAPPER RED,SCAT II,S,93 - 93,9/7/2012,31.42392,-80.5568,1,Alive,1,Kept,69,M,5.5,Whole weight,,,TRUE,TRUE
MPE026-8-101,MPE026,8,101,SNAPPER RED,SCAT II,S,68 - 93,9/7/2012,31.39627,-80.58884,1,Alive,1,Kept,51,M,2.2,Whole weight,,,TRUE,TRUE
MPE026-9-101,MPE026,9,101,SNAPPER RED,SCAT II,S,92 - 92,9/7/2012,31.41803,-80.57032,1,Alive,1,Kept,69,M,5.8,Whole weight,33,,TRUE,TRUE
MPE027-1-110,MPE027,1,110,SNAPPER RED,SCAT II,S,98 - 98,9/8/2012,31.83107,-80.14359,1,Alive,1,Kept,67,F,4.7,Whole weight,137,,TRUE,TRUE
PJC004-163-101,PJC004,163,101,GROUPER RED,CJR,D,145 - 150,8/12/2012,33.63423,-76.92378,8,Alive Bauro - Both,1,Kept,79,M,5.2,Whole weight,16,,TRUE,TRUE
PJC004-163-102,PJC004,163,102,HIND ROCK,CJR,D,145 - 150,8/12/2012,33.63423,-76.92378,8,Alive Bauro - Both,1,Kept,50,M,2,Whole weight,,,TRUE,TRUE
PJC004-166-101,PJC004,166,101,HIND RED,CJR,D,145 - 150,8/12/2012,33.63432,-76.92378,6,Alive Bauro -Stom/Bladder,1,Kept,45,F,1.6,Whole weight,27,,TRUE,TRUE
PJC004-166-102,PJC004,166,102,GROUPER SCAMP,CJR,D,145 - 150,8/12/2012,33.63432,-76.92378,8,Alive Bauro - Both,1,Kept,52,F,1.8,Whole weight,,,TRUE,TRUE
PJC004-171-101,PJC004,171,101,HIND RED,CJR,D,145 - 150,8/12/2012,33.66653,-76.9225,8,Alive Bauro - Both,1,Kept,52,M,2,Whole weight,,,TRUE,TRUE
PJC004-171-102,PJC004,171,102,GROUPER RED,CJR,D,145 - 150,8/12/2012,33.66653,-76.9225,8,Alive Bauro - Both,1,Kept,62,M,4,Whole weight,,,TRUE,TRUE
PJC004-180-101,PJC004,180,101,GROUPER RED,CJR,D,218 - 224,8/13/2012,33.63128,-76.83826,8,Alive Bauro - Both,1,Kept,77,M,6.2,Whole weight,28,,TRUE,TRUE
PJC004-180-102,PJC004,180,102,GROUPER RED,CJR,D,218 - 224,8/13/2012,33.63128,-76.83826,8,Alive Bauro - Both,1,Kept,77,M,6.6,Whole weight,,,TRUE,TRUE
PJC004-187-101,PJC004,187,101,PORGY RED,CJR,D,200 - 207,8/13/2012,33.66795,-76.78587,1,Alive,1,Kept,28,M,0.6,Whole weight,,,TRUE,TRUE
PJC004-187-104,PJC004,187,104,SNAPPER VERMILLION,CJR,D,200 - 207,8/13/2012,33.66795,-76.78587,1,Alive,1,Kept,37,F,1.1,Whole weight,,,TRUE,TRUE
PJC004-197-101,PJC004,197,101,GROUPER RED,CJR,D,200 - 205,8/14/2012,33.79671,-76.59597,8,Alive Bauro - Both,1,Kept,73,M,5.8,Whole weight,,,TRUE,TRUE
PJC004-201-101,PJC004,201,101,SNAPPER MUTTON,CJR,D,136 - 141,8/14/2012,33.73778,-76.77264,6,Alive Bauro -Stom/Bladder,1,Kept,61,F,2.8,Whole weight,36,,TRUE,TRUE
PJC004-202-102,PJC004,202,102,GROUPER SCAMP,CJR,D,134 - 139,8/14/2012,33.73218,-76.78537,6,Alive Bauro -Stom/Bladder,1,Kept,54,M,2,Whole weight,,,TRUE,TRUE
PJC004-203-101,PJC004,203,101,HIND RED,CJR,D,134 - 139,8/14/2012,33.73278,-76.7852,8,Alive Bauro - Both,1,Kept,44,M,1.5,Whole weight,,,TRUE,TRUE
PJC004-27-101,PJC004,27,101,SNAPPER RED,CJR,S,97 - 97,8/5/2012,32.94862,-78.6662,6,Alive Bauro -Stom/Bladder,1,Kept,53,U,2.9,Estimated weight,,,TRUE,FALSE
PJC004-62-101,PJC004,62,101,GROUPER SCAMP,CJR,D,190 - 200,8/7/2012,32.8523,-78.26822,1,Alive,1,Kept,55,M,1.6,Whole weight,,,TRUE,TRUE
PJC004-66-101,PJC004,66,101,GROUPER RED,CJR,D,208 - 212,8/7/2012,32.84848,-78.26795,8,Alive Bauro - Both,1,Kept,68,M,7.4,Whole weight,,,TRUE,TRUE
PJC004-68-102,PJC004,68,102,SNAPPER RED,CJR,D,200 - 210,8/7/2012,32.84282,-78.27555,1,Alive,1,Kept,60,U,4,Whole weight,,,TRUE,TRUE
PJC004-69-104,PJC004,69,104,SNAPPER RED,CJR,D,110 - 115,8/7/2012,33.21878,-78.00793,1,Alive,1,Kept,66,M,3.9,Whole weight,,,TRUE,TRUE
PJC004-69-105,PJC004,69,105,SNAPPER RED,CJR,D,110 - 115,8/7/2012,33.21878,-78.00793,1,Alive,1,Kept,58,M,3.2,Whole weight,,,TRUE,TRUE
PJC004-79-101,PJC004,79,101,HIND ROCK,CJR,D,150 - 155,8/8/2012,33.36638,-77.17535,1,Alive,1,Kept,41,F,0.8,Whole weight,,,TRUE,TRUE
PJC004-80-101,PJC004,80,101,GROUPER RED,CJR,D,135 - 140,8/8/2012,33.47009,-77.12705,6,Alive Bauro -Stom/Bladder,1,Kept,68,M,4.5,Whole weight,,,TRUE,TRUE
PJC004-80-102,PJC004,80,102,HIND RED,CJR,D,135 - 140,8/8/2012,33.47009,-77.12705,6,Alive Bauro -Stom/Bladder,1,Kept,52,M,2,Whole weight,,,TRUE,TRUE
PJC004-80-107,PJC004,80,107,HIND ROCK,CJR,D,135 - 140,8/8/2012,33.47009,-77.12705,6,Alive Bauro -Stom/Bladder,1,Kept,38,F,1,Whole weight,,,TRUE,TRUE
PJC004-81-106,PJC004,81,106,TRIGGERFISH GRAY,CJR,D,128 - 133,8/8/2012,33.46925,-77.1232,1,Alive,1,Kept,45,M,2.1,Whole weight,,,TRUE,TRUE
PJC004-91-101,PJC004,91,101,GROUPER YELLOWMOUTH,CJR,D,140 - 150,8/9/2012,33.66572,-76.84952,1,Alive,1,Kept,60,M,2.6,Whole weight,,,TRUE,TRUE
PJC004-91-102,PJC004,91,102,HIND ROCK,CJR,D,140 - 150,8/9/2012,33.66572,-76.84952,1,Alive,1,Kept,49,F,1.8,Whole weight,,,TRUE,TRUE
PJC004-92-101,PJC004,92,101,GROUPER SCAMP,CJR,D,150 - 155,8/9/2012,33.66647,-76.84892,1,Alive,1,Kept,67,M,4.2,Whole weight,,,TRUE,TRUE
PJC005-11-103,PJC005,11,103,SNAPPER VERMILLION,CJR,D,138 - 142,9/16/2012,32.74845,-78.50782,1,Alive,1,Kept,34,M,0.7,Whole weight,19,,TRUE,TRUE
PJC005-11-109,PJC005,11,109,SNAPPER VERMILLION,CJR,D,138 - 142,9/16/2012,32.74845,-78.50782,1,Alive,1,Kept,36,M,0.7,Whole weight,26,,TRUE,TRUE
PJC005-11-117,PJC005,11,117,SNAPPER VERMILLION,CJR,D,138 - 142,9/16/2012,32.74845,-78.50782,1,Alive,1,Kept,42,F,1.2,Whole weight,36,,TRUE,TRUE
PJC005-33-101,PJC005,33,101,GROUPER SCAMP,CJR,D,155 - 158,9/19/2012,32.86835,-78.25648,1,Alive,1,Kept,70,M,4.1,Whole weight,,,TRUE,TRUE
PJC005-33-102,PJC005,33,102,GROUPER SCAMP,CJR,D,155 - 158,9/19/2012,32.86835,-78.25648,1,Alive,1,Kept,62,M,3.2,Whole weight,,,TRUE,TRUE
PJC005-33-103,PJC005,33,103,GROUPER SCAMP,CJR,D,155 - 158,9/19/2012,32.86835,-78.25648,1,Alive,1,Kept,50,M,1.8,Whole weight,,,TRUE,TRUE
PJC005-33-107,PJC005,33,107,HIND RED,CJR,D,155 - 158,9/19/2012,32.86835,-78.25648,1,Alive,1,Kept,56,M,4.1,Whole weight,,,TRUE,TRUE
PJC005-4-101,PJC005,4,101,GROUPER GAG,CJR,D,193 - 196,9/15/2012,32.69787,-78.52005,8,Alive Bauro - Both,1,Kept,81,M,7.2,Whole weight,,,TRUE,TRUE
PJC005-41-101,PJC005,41,101,SNAPPER RED,CJR,D,233 - 235,9/20/2012,32.86663,-78.23967,1,Alive,1,Kept,70,U,6,Whole weight,110,,TRUE,TRUE
PJC005-41-102,PJC005,41,102,GROUPER GAG,CJR,D,233 - 235,9/20/2012,32.86663,-78.23967,1,Alive,1,Kept,85,F,7.4,Whole weight,24,,TRUE,TRUE
PJC005-41-103,PJC005,41,103,GROUPER GAG,CJR,D,233 - 235,9/20/2012,32.86663,-78.23967,1,Alive,1,Kept,97,M,10.3,Whole weight,38,,TRUE,TRUE
PJC005-41-104,PJC005,41,104,GROUPER SCAMP,CJR,D,233 - 235,9/20/2012,32.86663,-78.23967,1,Alive,1,Kept,65,F,3.6,Whole weight,,,TRUE,TRUE
PJC005-41-105,PJC005,41,105,SNAPPER RED,CJR,D,233 - 235,9/20/2012,32.86663,-78.23967,1,Alive,1,Kept,64,F,4.3,Whole weight,84,,TRUE,TRUE
PJC005-41-107,PJC005,41,107,SNAPPER RED,CJR,D,233 - 235,9/20/2012,32.86663,-78.23967,6,Alive Bauro -Stom/Bladder,1,Kept,62,F,4,Whole weight,110,,TRUE,TRUE
PJC005-41-108,PJC005,41,108,GROUPER GAG,CJR,D,233 - 235,9/20/2012,32.86663,-78.23967,1,Alive,1,Kept,91,M,10,Whole weight,49,,TRUE,TRUE
PJC005-41-111,PJC005,41,111,PORGY RED,CJR,D,233 - 235,9/20/2012,32.86663,-78.23967,1,Alive,1,Kept,43,M,1.3,Whole weight,,,TRUE,TRUE
PJC005-41-118,PJC005,41,118,SNAPPER RED,CJR,D,233 - 235,9/20/2012,32.86663,-78.23967,1,Alive,1,Kept,70,M,5.8,Whole weight,18,,TRUE,TRUE
PJC005-48-102,PJC005,48,102,GROUPER SCAMP,CJR,D,209 - 211,9/21/2012,32.87502,-78.23703,6,Alive Bauro -Stom/Bladder,1,Kept,67,M,4.3,Whole weight,,,TRUE,TRUE
PJC005-48-103,PJC005,48,103,GROUPER SCAMP,CJR,D,209 - 211,9/21/2012,32.87502,-78.23703,6,Alive Bauro -Stom/Bladder,1,Kept,57,F,2.4,Whole weight,,,TRUE,TRUE
PJC005-48-104,PJC005,48,104,GROUPER SCAMP,CJR,D,209 - 211,9/21/2012,32.87502,-78.23703,6,Alive Bauro -Stom/Bladder,1,Kept,65,M,3.8,Whole weight,,,TRUE,TRUE
PJC005-49-101,PJC005,49,101,GROUPER SCAMP,CJR,D,209 - 211,9/21/2012,32.87502,-78.23703,1,Alive,1,Kept,52,M,1.6,Whole weight,,,TRUE,TRUE
PJC005-50-101,PJC005,50,101,GROUPER RED,CJR,D,209 - 211,9/21/2012,32.87505,-78.23695,6,Alive Bauro -Stom/Bladder,1,Kept,78,M,9.2,Whole weight,24,,TRUE,TRUE
PJC005-54-101,PJC005,54,101,GROUPER SCAMP,CJR,D,224 - 226,9/21/2012,32.87747,-78.2341,6,Alive Bauro -Stom/Bladder,1,Kept,59,F,2.7,Whole weight,,,TRUE,TRUE
PJC005-54-102,PJC005,54,102,GROUPER GAG,CJR,D,224 - 226,9/21/2012,32.87747,-78.2341,6,Alive Bauro -Stom/Bladder,1,Kept,86,M,7,Whole weight,,,TRUE,TRUE
PJC005-54-103,PJC005,54,103,GROUPER GAG,CJR,D,224 - 226,9/21/2012,32.87747,-78.2341,6,Alive Bauro -Stom/Bladder,1,Kept,95,F,11,Whole weight,,,TRUE,TRUE
PJC005-89-101,PJC005,89,101,SNAPPER RED,CJR,D,243 - 245,9/22/2012,32.86615,-78.24157,6,Alive Bauro -Stom/Bladder,1,Kept,65,F,4.5,Whole weight,,,TRUE,TRUE
PJC005-89-103,PJC005,89,103,GROUPER SCAMP,CJR,D,243 - 245,9/22/2012,32.86615,-78.24157,6,Alive Bauro -Stom/Bladder,1,Kept,58,M,2.5,Whole weight,,,TRUE,TRUE
PJC005-89-104,PJC005,89,104,SNAPPER RED,CJR,D,243 - 245,9/22/2012,32.86615,-78.24157,6,Alive Bauro -Stom/Bladder,1,Kept,66,M,5.2,Whole weight,,,TRUE,TRUE
PJC006-12-101,PJC006,12,101,GROUPER GAG,CJR,S,70 - 72,10/10/2012,33.19053,-78.56917,1,Alive,1,Kept,71,M,4.1,Whole weight,,,TRUE,TRUE
PJC006-196-101,PJC006,196,101,HIND ROCK,CJR,S,92 - 93,10/15/2012,33.59067,-77.35294,6,Alive Bauro -Stom/Bladder,1,Kept,49,U,2.2,Whole weight,,,TRUE,TRUE
PJC006-25-101,PJC006,25,101,GROUPER GAG,CJR,S,89 - 90,10/10/2012,33.26917,-78.43383,1,Alive,1,Kept,63,M,2.8,Whole weight,,,TRUE,TRUE
PJC006-308-101,PJC006,308,101,SNAPPER RED,CJR,S,86 - 88,10/17/2012,33.66375,-77.50308,6,Alive Bauro -Stom/Bladder,1,Kept,70,M,5.2,Whole weight,,,TRUE,TRUE
PJC006-323-101,PJC006,323,101,SNAPPER RED,CJR,S,96 - 99,10/17/2012,33.66088,-77.50658,6,Alive Bauro -Stom/Bladder,1,Kept,73,M,5.8,Whole weight,,,TRUE,TRUE
PJC007-102-101,PJC007,102,101,SNAPPER RED,CJR,D,115 - 117,12/3/2012,32.53435,-79.15707,6,Alive Bauro -Stom/Bladder,1,Kept,63,M,3.8,Whole weight,43,,TRUE,TRUE
PJC007-102-102,PJC007,102,102,SNAPPER RED,CJR,D,115 - 117,12/3/2012,32.53435,-79.15707,6,Alive Bauro -Stom/Bladder,1,Kept,66,F,5.5,Whole weight,26,,TRUE,TRUE
PJC007-102-103,PJC007,102,103,SNAPPER RED,CJR,D,115 - 117,12/3/2012,32.53435,-79.15707,6,Alive Bauro -Stom/Bladder,1,Kept,74,F,5.2,Whole weight,,,TRUE,TRUE
PJC007-106-103,PJC007,106,103,SNAPPER RED,CJR,D,120 - 122,12/3/2012,32.53403,-79.15805,6,Alive Bauro -Stom/Bladder,1,Kept,74,F,7.1,Whole weight,25,,TRUE,TRUE
PJC007-11-102,PJC007,11,102,SNAPPER RED,CJR,S,97 - 99,12/1/2012,32.59413,-79.25775,6,Alive Bauro -Stom/Bladder,1,Kept,47,M,1.6,Whole weight,,,TRUE,TRUE
PJC007-118-101,PJC007,118,101,SNAPPER RED,CJR,D,121 - 123,12/3/2012,32.53373,-79.15715,6,Alive Bauro -Stom/Bladder,1,Kept,90,F,11,Whole weight,120,,TRUE,TRUE
PJC007-118-102,PJC007,118,102,SNAPPER RED,CJR,D,121 - 123,12/3/2012,32.53373,-79.15715,6,Alive Bauro -Stom/Bladder,1,Kept,63,F,5.8,Whole weight,47,,TRUE,TRUE
PJC007-138-103,PJC007,138,103,SNAPPER RED,CJR,D,120 - 122,12/4/2012,32.58042,-79.05873,6,Alive Bauro -Stom/Bladder,1,Kept,78,F,7.8,Whole weight,,,TRUE,TRUE
PJC007-142-101,PJC007,142,101,SNAPPER RED,CJR,D,117 - 119,12/4/2012,32.58213,-79.05835,6,Alive Bauro -Stom/Bladder,1,Kept,47,F,1.5,Whole weight,12,,TRUE,TRUE
PJC007-142-102,PJC007,142,102,SNAPPER RED,CJR,D,117 - 119,12/4/2012,32.58213,-79.05835,6,Alive Bauro -Stom/Bladder,1,Kept,62,F,4,Whole weight,47,,TRUE,TRUE
PJC007-142-103,PJC007,142,103,SNAPPER RED,CJR,D,117 - 119,12/4/2012,32.58213,-79.05835,6,Alive Bauro -Stom/Bladder,1,Kept,86,M,10.6,Whole weight,,,TRUE,TRUE
PJC007-149-101,PJC007,149,101,SNAPPER RED,CJR,D,117 - 119,12/4/2012,32.58375,-79.05695,6,Alive Bauro -Stom/Bladder,1,Kept,48,M,2.2,Whole weight,,,TRUE,TRUE
PJC007-153-101,PJC007,153,101,SNAPPER RED,CJR,D,116 - 118,12/4/2012,32.58195,-79.05753,6,Alive Bauro -Stom/Bladder,1,Kept,41,M,1.3,Whole weight,,,TRUE,TRUE
PJC007-162-101,PJC007,162,101,HIND ROCK,CJR,D,113 - 115,12/4/2012,32.58282,-79.05865,6,Alive Bauro -Stom/Bladder,1,Kept,50,M,1.8,Whole weight,,,TRUE,TRUE
PJC007-162-102,PJC007,162,102,HIND RED,CJR,D,113 - 115,12/4/2012,32.58282,-79.05865,6,Alive Bauro -Stom/Bladder,1,Kept,36,M,0.8,Whole weight,,,TRUE,TRUE
PJC007-2-101,PJC007,2,101,GROUPER GAG,CJR,S,98 - 99,12/1/2012,32.5977,-79.25473,0,Unknown,1,Kept,78,F,7.2,Whole weight,,,TRUE,TRUE
PJC007-2-102,PJC007,2,102,SNAPPER RED,CJR,S,98 - 99,12/1/2012,32.5977,-79.25473,0,Unknown,1,Kept,56,F,3.2,Whole weight,,,TRUE,TRUE
PJC007-3-104,PJC007,3,104,SNAPPER RED,CJR,S,97 - 99,12/1/2012,32.59768,-79.25477,1,Alive,1,Kept,58,M,3.2,Whole weight,,,TRUE,TRUE
PJC007-3-105,PJC007,3,105,SNAPPER RED,CJR,S,97 - 99,12/1/2012,32.59768,-79.25477,1,Alive,1,Kept,60,M,3.4,Whole weight,,,TRUE,TRUE
PJC007-5-102,PJC007,5,102,SNAPPER RED,CJR,S,97 - 98,12/1/2012,32.59713,-79.25426,6,Alive Bauro -Stom/Bladder,1,Kept,70,M,6.5,Whole weight,39,,TRUE,TRUE
PJC007-5-103,PJC007,5,103,SNAPPER RED,CJR,S,97 - 98,12/1/2012,32.59713,-79.25426,6,Alive Bauro -Stom/Bladder,1,Kept,50,M,2,Whole weight,23,,TRUE,TRUE
PJC007-98-101,PJC007,98,101,SNAPPER RED,CJR,D,120 - 122,12/3/2012,32.53448,-79.16016,6,Alive Bauro -Stom/Bladder,1,Kept,74,M,6.5,Whole weight,,,TRUE,TRUE
PJC007-98-103,PJC007,98,103,SNAPPER RED,CJR,D,120 - 122,12/3/2012,32.53448,-79.16016,6,Alive Bauro -Stom/Bladder,1,Kept,77,F,7.2,Whole weight,108,,TRUE,TRUE
